Search Keyword,Match type,Criterion Status,Campaign Status,Ad Group Status,Cost,Clicks,CTR
ongoing wordpress support,Phrase match,Enabled,Enabled,Enabled,₹193.69,3,4.41%
wordpress recovery,Phrase match,Enabled,Enabled,Enabled,₹141.46,2,8.70%
wordpress site hacked,Phrase match,Enabled,Enabled,Enabled,₹130.86,2,22.22%
wp site hacked,Phrase match,Enabled,Enabled,Enabled,₹85.63,1,9.09%
hacked website recovery,Phrase match,Enabled,Enabled,Enabled,₹85.30,1,14.29%
wordpress site hacked,Exact match,Enabled,Enabled,Enabled,₹80.70,1,25.00%
24/7 Emergency Recovery,Broad match,Paused,Enabled,Enabled,₹35.93,1,20.00%
wordpress hacked,Exact match,Enabled,Enabled,Enabled,₹0.00,0,0.00%
wordpress malware removal,Phrase match,Enabled,Enabled,Enabled,₹0.00,0,0.00%
fix hacked wordpress,Phrase match,Enabled,Enabled,Enabled,₹0.00,0,0.00%
hacked wordpress site,Exact match,Enabled,Enabled,Enabled,₹0.00,0,0.00%
wordpress site hacked,Exact match,Enabled,Enabled,Enabled,₹0.00,0,0.00%
hacked website recovery,Phrase match,Enabled,Enabled,Enabled,₹0.00,0,0.00%
wordpress malware removal india,Exact match,Enabled,Enabled,Enabled,₹0.00,0,0.00%
hacked site recovery,Exact match,Enabled,Enabled,Enabled,₹0.00,0,0.00%
wordpress support contract,Phrase match,Enabled,Enabled,Enabled,₹0.00,0,0.00%
wordpress care plan,Exact match,Enabled,Enabled,Enabled,₹0.00,0,0.00%
wordpress retainer,Phrase match,Enabled,Enabled,Enabled,₹0.00,0,0.00%
wordpress support retainer,Phrase match,Enabled,Enabled,Enabled,₹0.00,0,0.00%
wordpress hacked,Exact match,Enabled,Enabled,Enabled,₹0.00,0,0.00%
wordpress blog hacked,Phrase match,Enabled,Enabled,Enabled,₹0.00,0,0.00%
wordpress site hacked,Phrase match,Enabled,Enabled,Enabled,₹0.00,0,0.00%
wordpress malware removal,Phrase match,Enabled,Enabled,Enabled,₹0.00,0,0.00%
fix hacked wordpress,Phrase match,Enabled,Enabled,Enabled,₹0.00,0,0.00%
wordpress keeps getting hacked,Phrase match,Enabled,Enabled,Enabled,₹0.00,0,0.00%
wordpress got hacked,Phrase match,Enabled,Enabled,Enabled,₹0.00,0,0.00%
my wordpress site was hacked,Phrase match,Enabled,Enabled,Enabled,₹0.00,0,0.00%
hacked wordpress site,Exact match,Enabled,Enabled,Enabled,₹0.00,0,0.00%
wordpress compromised,Phrase match,Enabled,Enabled,Enabled,₹0.00,0,0.00%
wordpress hacked redirect,Phrase match,Enabled,Enabled,Enabled,₹0.00,0,0.00%
wordpress site recovery,Phrase match,Enabled,Enabled,Enabled,₹0.00,0,0.00%
wordpress website recovery,Phrase match,Enabled,Enabled,Enabled,₹0.00,0,0.00%
wordpress redirect malware,Phrase match,Enabled,Enabled,Enabled,₹0.00,0,0.00%
wordpress site hacked fix,Phrase match,Enabled,Enabled,Enabled,₹0.00,0,0.00%
wordpress site redirecting to spam,Phrase match,Enabled,Enabled,Enabled,₹0.00,0,0.00%
deceptive site ahead fix wordpress,Phrase match,Enabled,Enabled,Enabled,₹0.00,0,0.00%
Hacked WordPress Site,Phrase match,Enabled,Enabled,Enabled,₹0.00,0,0.00%
wordpress malware removal india,Exact match,Enabled,Enabled,Enabled,₹0.00,0,0.00%
hacked wordpress recovery india,Phrase match,Enabled,Enabled,Enabled,₹0.00,0,0.00%
hacked site recovery,Exact match,Enabled,Enabled,Enabled,₹0.00,0,0.00%
Expert WordPress Recovery,Phrase match,Enabled,Enabled,Enabled,₹0.00,0,0.00%
emergency wordpress help india,Phrase match,Enabled,Enabled,Enabled,₹0.00,0,0.00%
malware removal service for wordpress india,Phrase match,Enabled,Enabled,Enabled,₹0.00,0,0.00%
expert wordpress hack recovery,Phrase match,Enabled,Enabled,Enabled,₹0.00,0,0.00%
fix google blacklist wordpress india,Phrase match,Enabled,Enabled,Enabled,₹0.00,0,0.00%
remove malware warning from site,Phrase match,Enabled,Enabled,Enabled,₹0.00,0,0.00%
google says my site is hacked help,Phrase match,Enabled,Enabled,Enabled,₹0.00,0,0.00%
wordpress admin locked hacked,Phrase match,Enabled,Enabled,Enabled,₹0.00,0,0.00%
wordpress hosting suspended malware,Phrase match,Enabled,Enabled,Enabled,₹0.00,0,0.00%
