Search,Cost,Clicks,Impressions,Conversions
wordpress website maintenance services,₹91.29,1,16,0.00
wordpress recovery,₹141.46,2,13,0.00
wordpress maintenance service,₹0.00,0,7,0.00
wordpress maintenance services,₹62.61,1,7,0.00
wordpress hacked,₹0.00,0,4,0.00
wordpress security expert,₹39.79,1,3,0.00
wp delete message recovery,₹0.00,0,3,0.00
fix hacked wordpress site,₹0.00,0,2,0.00
hack recovery,₹0.00,0,2,0.00
hack wordpress admin,₹0.00,0,2,0.00
hacked website recovery,₹85.30,1,2,0.00
local wordpress support,₹0.00,0,2,0.00
wordpress supports,₹0.00,0,2,0.00
wordpress website hacked,₹0.00,0,2,0.00
wp fix,₹0.00,0,2,0.00
hyundai 24 hour roadside assistance,₹0.00,0,1,0.00
malcare,₹0.00,0,1,0.00
page hacked recovery,₹0.00,0,1,0.00
recovery van near me,₹0.00,0,1,0.00
scan wordpress site for malware,₹0.00,0,1,0.00
what are the steps you can take if your wordpress file is hacked,₹0.00,0,1,0.00
wordpress database scanner,₹0.00,0,1,0.00
wordpress hack,₹0.00,0,1,0.00
wordpress lost password email not sending,₹0.00,0,1,0.00
wordpress malware removal service,₹0.00,0,1,0.00
wordpress site hacked,₹0.00,0,1,0.00
wordpress technical support,₹0.00,0,1,0.00
